[{"data_iniSE":1716681600000,"SE":202422,"casos_est":197.0,"casos_est_min":20,"casos_est_max":1614,"casos":1,"p_rt1":0.0018802847,"p_inc100k":73.8954162598,"Localidade_id":0,"nivel":4,"id":352050920242219877,"versao_modelo":"2024-06-03","tweet":0.0,"Rt":0.7614899278,"pop":266593.0,"tempmin":13.9411764706,"umidmax":90.3647719608,"receptivo":0,"transmissao":0,"nivel_inc":2,"umidmed":87.5251860392,"umidmin":82.930012549,"tempmed":14.630718902,"tempmax":15.6470588235,"casprov":null,"casprov_est":null,"casprov_est_min":null,"casprov_est_max":null,"casconf":null,"notif_accum_year":5700},{"data_iniSE":1716076800000,"SE":202421,"casos_est":182.0,"casos_est_min":51,"casos_est_max":1127,"casos":30,"p_rt1":0.0000862539,"p_inc100k":68.2688598633,"Localidade_id":0,"nivel":4,"id":352050920242119877,"versao_modelo":"2024-06-03","tweet":0.0,"Rt":0.6979823709,"pop":266593.0,"tempmin":18.4905660377,"umidmax":87.0675954717,"receptivo":0,"transmissao":0,"nivel_inc":2,"umidmed":80.3736487736,"umidmin":75.5057158302,"tempmed":19.2594339623,"tempmax":20.1132075472,"casprov":null,"casprov_est":null,"casprov_est_min":null,"casprov_est_max":null,"casconf":null,"notif_accum_year":5700},{"data_iniSE":1715472000000,"SE":202420,"casos_est":328.0,"casos_est_min":232,"casos_est_max":815,"casos":215,"p_rt1":0.9865800738,"p_inc100k":123.0339889526,"Localidade_id":0,"nivel":4,"id":352050920242019877,"versao_modelo":"2024-06-03","tweet":0.0,"Rt":1.1980992556,"pop":266593.0,"tempmin":21.8113207547,"umidmax":63.2717525472,"receptivo":1,"transmissao":1,"nivel_inc":2,"umidmed":57.1981263962,"umidmin":50.7956769811,"tempmed":22.8113208679,"tempmax":24.0377358491,"casprov":null,"casprov_est":null,"casprov_est_min":null,"casprov_est_max":null,"casconf":null,"notif_accum_year":5700},{"data_iniSE":1714867200000,"SE":202419,"casos_est":247.0,"casos_est_min":168,"casos_est_max":602,"casos":157,"p_rt1":0.0000031651,"p_inc100k":92.6505966187,"Localidade_id":0,"nivel":4,"id":352050920241919877,"versao_modelo":"2024-06-03","tweet":0.0,"Rt":0.6906542182,"pop":266593.0,"tempmin":23.5882352941,"umidmax":65.0358968431,"receptivo":1,"transmissao":0,"nivel_inc":2,"umidmed":60.9654758431,"umidmin":53.3304534118,"tempmed":24.2516338824,"tempmax":25.4117647059,"casprov":null,"casprov_est":null,"casprov_est_min":null,"casprov_est_max":null,"casconf":null,"notif_accum_year":5700},{"data_iniSE":1714262400000,"SE":202418,"casos_est":221.0,"casos_est_min":165,"casos_est_max":477,"casos":158,"p_rt1":0.0,"p_inc100k":82.8979034424,"Localidade_id":0,"nivel":4,"id":352050920241819877,"versao_modelo":"2024-06-03","tweet":0.0,"Rt":0.4584203959,"pop":266593.0,"tempmin":23.6153846154,"umidmax":68.7574675385,"receptivo":1,"transmissao":0,"nivel_inc":2,"umidmed":64.1605489231,"umidmin":58.2102594423,"tempmed":24.375,"tempmax":25.4423076923,"casprov":null,"casprov_est":null,"casprov_est_min":null,"casprov_est_max":null,"casconf":null,"notif_accum_year":5700},{"data_iniSE":1713657600000,"SE":202417,"casos_est":317.0,"casos_est_min":282,"casos_est_max":471,"casos":279,"p_rt1":0.0,"p_inc100k":118.9078445435,"Localidade_id":0,"nivel":4,"id":352050920241719877,"versao_modelo":"2024-06-03","tweet":0.0,"Rt":0.5810215473,"pop":266593.0,"tempmin":20.24,"umidmax":79.21583404,"receptivo":1,"transmissao":0,"nivel_inc":2,"umidmed":76.65902094,"umidmin":71.98159874,"tempmed":20.84666676,"tempmax":21.78,"casprov":null,"casprov_est":null,"casprov_est_min":null,"casprov_est_max":null,"casconf":null,"notif_accum_year":5700},{"data_iniSE":1713052800000,"SE":202416,"casos_est":529.0,"casos_est_min":508,"casos_est_max":611,"casos":507,"p_rt1":0.758269906,"p_inc100k":198.4298095703,"Localidade_id":0,"nivel":4,"id":352050920241619877,"versao_modelo":"2024-06-03","tweet":0.0,"Rt":1.044503212,"pop":266593.0,"tempmin":19.8235294118,"umidmax":87.5939335686,"receptivo":1,"transmissao":0,"nivel_inc":2,"umidmed":81.9668057255,"umidmin":73.6457207255,"tempmed":20.5196078431,"tempmax":21.4901960784,"casprov":null,"casprov_est":null,"casprov_est_min":null,"casprov_est_max":null,"casconf":null,"notif_accum_year":5700},{"data_iniSE":1712448000000,"SE":202415,"casos_est":629.0,"casos_est_min":618,"casos_est_max":680,"casos":618,"p_rt1":1.0,"p_inc100k":235.9401855469,"Localidade_id":0,"nivel":4,"id":352050920241519877,"versao_modelo":"2024-06-03","tweet":0.0,"Rt":1.4125717878,"pop":266593.0,"tempmin":20.875,"umidmax":88.3287985417,"receptivo":1,"transmissao":1,"nivel_inc":2,"umidmed":84.5033222292,"umidmin":78.7796943333,"tempmed":21.2395833333,"tempmax":21.8958333333,"casprov":null,"casprov_est":null,"casprov_est_min":null,"casprov_est_max":null,"casconf":null,"notif_accum_year":5700},{"data_iniSE":1711843200000,"SE":202414,"casos_est":529.0,"casos_est_min":524,"casos_est_max":565,"casos":524,"p_rt1":0.9996080995,"p_inc100k":198.4298095703,"Localidade_id":0,"nivel":4,"id":352050920241419877,"versao_modelo":"2024-06-03","tweet":0.0,"Rt":1.2435514927,"pop":266593.0,"tempmin":20.7142857143,"umidmax":82.0760761429,"receptivo":1,"transmissao":1,"nivel_inc":2,"umidmed":77.9704031429,"umidmin":69.9173762857,"tempmed":21.3690477143,"tempmax":22.7142857143,"casprov":null,"casprov_est":null,"casprov_est_min":null,"casprov_est_max":null,"casconf":null,"notif_accum_year":5700},{"data_iniSE":1711238400000,"SE":202413,"casos_est":358.0,"casos_est_min":357,"casos_est_max":375,"casos":357,"p_rt1":0.0529094487,"p_inc100k":134.2870941162,"Localidade_id":0,"nivel":4,"id":352050920241319877,"versao_modelo":"2024-06-03","tweet":0.0,"Rt":0.889298439,"pop":266593.0,"tempmin":19.0416666667,"umidmax":89.9893957917,"receptivo":1,"transmissao":0,"nivel_inc":2,"umidmed":88.8071457917,"umidmin":88.253755,"tempmed":19.1805556667,"tempmax":19.2083333333,"casprov":null,"casprov_est":null,"casprov_est_min":null,"casprov_est_max":null,"casconf":null,"notif_accum_year":5700},{"data_iniSE":1710633600000,"SE":202412,"casos_est":486.0,"casos_est_min":486,"casos_est_max":486,"casos":486,"p_rt1":0.9998707771,"p_inc100k":182.3003540039,"Localidade_id":0,"nivel":4,"id":352050920241219877,"versao_modelo":"2024-06-03","tweet":0.0,"Rt":1.2831801176,"pop":266593.0,"tempmin":23.7142857143,"umidmax":81.9362391429,"receptivo":1,"transmissao":1,"nivel_inc":2,"umidmed":79.5661918571,"umidmin":76.9668668571,"tempmed":23.9761905714,"tempmax":24.2857142857,"casprov":null,"casprov_est":null,"casprov_est_min":null,"casprov_est_max":null,"casconf":null,"notif_accum_year":5700},{"data_iniSE":1710028800000,"SE":202411,"casos_est":394.0,"casos_est_min":394,"casos_est_max":394,"casos":394,"p_rt1":0.7143236399,"p_inc100k":147.7908325195,"Localidade_id":0,"nivel":4,"id":352050920241119877,"versao_modelo":"2024-06-03","tweet":0.0,"Rt":1.0415612459,"pop":266593.0,"tempmin":23.1111111111,"umidmax":79.4867508444,"receptivo":1,"transmissao":0,"nivel_inc":2,"umidmed":78.8900851778,"umidmin":78.2869318444,"tempmed":23.4155555556,"tempmax":23.6888888889,"casprov":null,"casprov_est":null,"casprov_est_min":null,"casprov_est_max":null,"casconf":null,"notif_accum_year":5700},{"data_iniSE":1709424000000,"SE":202410,"casos_est":357.0,"casos_est_min":357,"casos_est_max":357,"casos":357,"p_rt1":0.3088680804,"p_inc100k":133.9119873047,"Localidade_id":0,"nivel":4,"id":352050920241019877,"versao_modelo":"2024-06-03","tweet":0.0,"Rt":0.9636869431,"pop":266593.0,"tempmin":21.8666666667,"umidmax":87.9625218667,"receptivo":1,"transmissao":0,"nivel_inc":2,"umidmed":87.0249294444,"umidmin":85.8240193778,"tempmed":21.9377777778,"tempmax":21.9555555556,"casprov":null,"casprov_est":null,"casprov_est_min":null,"casprov_est_max":null,"casconf":null,"notif_accum_year":5700},{"data_iniSE":1708819200000,"SE":202409,"casos_est":373.0,"casos_est_min":373,"casos_est_max":373,"casos":373,"p_rt1":0.9935512543,"p_inc100k":139.9136505127,"Localidade_id":0,"nivel":4,"id":352050920240919877,"versao_modelo":"2024-06-03","tweet":0.0,"Rt":1.210292697,"pop":266593.0,"tempmin":23.2916666667,"umidmax":82.1888295417,"receptivo":1,"transmissao":1,"nivel_inc":2,"umidmed":81.5072850417,"umidmin":80.82574025,"tempmed":23.3645833333,"tempmax":23.4375,"casprov":null,"casprov_est":null,"casprov_est_min":null,"casprov_est_max":null,"casconf":null,"notif_accum_year":5700},{"data_iniSE":1708214400000,"SE":202408,"casos_est":426.0,"casos_est_min":426,"casos_est_max":426,"casos":426,"p_rt1":1.0,"p_inc100k":159.7941436768,"Localidade_id":0,"nivel":4,"id":352050920240819877,"versao_modelo":"2024-06-03","tweet":0.0,"Rt":2.0171871185,"pop":266593.0,"tempmin":21.0208333333,"umidmax":89.74040125,"receptivo":1,"transmissao":1,"nivel_inc":2,"umidmed":88.1439720833,"umidmin":86.18189375,"tempmed":21.09375,"tempmax":21.1666666667,"casprov":null,"casprov_est":null,"casprov_est_min":null,"casprov_est_max":null,"casconf":null,"notif_accum_year":5700},{"data_iniSE":1707609600000,"SE":202407,"casos_est":331.0,"casos_est_min":331,"casos_est_max":331,"casos":331,"p_rt1":1.0,"p_inc100k":124.1593017578,"Localidade_id":0,"nivel":4,"id":352050920240719877,"versao_modelo":"2024-06-03","tweet":0.0,"Rt":2.5601933002,"pop":266593.0,"tempmin":21.306122449,"umidmax":84.6217816939,"receptivo":1,"transmissao":1,"nivel_inc":2,"umidmed":81.6001730612,"umidmin":78.5785671429,"tempmed":21.9285714286,"tempmax":22.5510204082,"casprov":null,"casprov_est":null,"casprov_est_min":null,"casprov_est_max":null,"casconf":null,"notif_accum_year":5700},{"data_iniSE":1707004800000,"SE":202406,"casos_est":192.0,"casos_est_min":192,"casos_est_max":192,"casos":192,"p_rt1":1.0,"p_inc100k":72.0198974609,"Localidade_id":0,"nivel":4,"id":352050920240619877,"versao_modelo":"2024-06-03","tweet":0.0,"Rt":2.4013597965,"pop":266593.0,"tempmin":22.1333333333,"umidmax":79.6076911556,"receptivo":1,"transmissao":1,"nivel_inc":2,"umidmed":78.6573504889,"umidmin":77.7070153778,"tempmed":22.2111111111,"tempmax":22.2888888889,"casprov":null,"casprov_est":null,"casprov_est_min":null,"casprov_est_max":null,"casconf":null,"notif_accum_year":5700},{"data_iniSE":1706400000000,"SE":202405,"casos_est":114.0,"casos_est_min":114,"casos_est_max":114,"casos":114,"p_rt1":0.9999987483,"p_inc100k":42.7618141174,"Localidade_id":0,"nivel":4,"id":352050920240519877,"versao_modelo":"2024-06-03","tweet":0.0,"Rt":2.1189773083,"pop":266593.0,"tempmin":20.875,"umidmax":82.8574224167,"receptivo":1,"transmissao":1,"nivel_inc":2,"umidmed":79.9624607083,"umidmin":76.8108515833,"tempmed":21.0694445417,"tempmax":21.3125,"casprov":null,"casprov_est":null,"casprov_est_min":null,"casprov_est_max":null,"casconf":null,"notif_accum_year":5700},{"data_iniSE":1705795200000,"SE":202404,"casos_est":68.0,"casos_est_min":68,"casos_est_max":68,"casos":68,"p_rt1":0.9988292456,"p_inc100k":25.5070457458,"Localidade_id":0,"nivel":3,"id":352050920240419877,"versao_modelo":"2024-06-03","tweet":0.0,"Rt":1.8303626776,"pop":266593.0,"tempmin":18.2291666667,"umidmax":90.655414375,"receptivo":0,"transmissao":1,"nivel_inc":2,"umidmed":89.8200161458,"umidmin":88.9919489583,"tempmed":18.277777875,"tempmax":18.375,"casprov":null,"casprov_est":null,"casprov_est_min":null,"casprov_est_max":null,"casconf":null,"notif_accum_year":5700},{"data_iniSE":1705190400000,"SE":202403,"casos_est":53.0,"casos_est_min":53,"casos_est_max":53,"casos":53,"p_rt1":0.9997313619,"p_inc100k":19.8804912567,"Localidade_id":0,"nivel":3,"id":352050920240319877,"versao_modelo":"2024-06-03","tweet":0.0,"Rt":2.2718126774,"pop":266593.0,"tempmin":23.5111111111,"umidmax":82.0155726,"receptivo":1,"transmissao":1,"nivel_inc":2,"umidmed":80.3151331778,"umidmin":78.6171941333,"tempmed":23.7629630667,"tempmax":24.0666666667,"casprov":null,"casprov_est":null,"casprov_est_min":null,"casprov_est_max":null,"casconf":null,"notif_accum_year":5700},{"data_iniSE":1704585600000,"SE":202402,"casos_est":36.0,"casos_est_min":36,"casos_est_max":36,"casos":36,"p_rt1":0.9998916388,"p_inc100k":13.5037307739,"Localidade_id":0,"nivel":3,"id":352050920240219877,"versao_modelo":"2024-06-03","tweet":0.0,"Rt":3.1578164101,"pop":266593.0,"tempmin":22.6363636364,"umidmax":80.3886825227,"receptivo":1,"transmissao":1,"nivel_inc":1,"umidmed":78.3776565909,"umidmin":76.3666293182,"tempmed":23.0681818182,"tempmax":23.5,"casprov":null,"casprov_est":null,"casprov_est_min":null,"casprov_est_max":null,"casconf":null,"notif_accum_year":5700},{"data_iniSE":1703980800000,"SE":202401,"casos_est":24.0,"casos_est_min":24,"casos_est_max":24,"casos":24,"p_rt1":0.9999819398,"p_inc100k":9.0024871826,"Localidade_id":0,"nivel":3,"id":352050920240119877,"versao_modelo":"2024-06-03","tweet":0.0,"Rt":6.3436102867,"pop":266593.0,"tempmin":20.0212765957,"umidmax":84.8533344681,"receptivo":1,"transmissao":1,"nivel_inc":1,"umidmed":84.0519549574,"umidmin":83.2505757447,"tempmed":20.0212765957,"tempmax":20.0212765957,"casprov":null,"casprov_est":null,"casprov_est_min":null,"casprov_est_max":null,"casconf":null,"notif_accum_year":5700}]